event_id,timestamp,clip_id,zone,behavior_class,policy_rule_ref,event_description,severity,escalation_action
46f228ca-d3a1-471e-aa72-76f17eb87d15,2026-06-20T03:16:18Z,test/0_safe_walkway_violation/0_te10.mp4,Zone-2,Safe Walkway Violation,Section 3.3.2,Person detected outside the green-marked Designated Safe Walkway at t=0.0s.,MEDIUM,Logged to DB
28655948-10ab-4349-8b77-917d2f794514,2026-06-20T03:16:21Z,test/0_safe_walkway_violation/0_te10.mp4,Zone-2,Safe Walkway Violation,Section 3.3.2,Person detected outside the green-marked Designated Safe Walkway at t=4.8s.,MEDIUM,Logged to DB
7c89ed2f-d681-4484-9240-756809b6c315,2026-06-20T03:16:23Z,test/0_safe_walkway_violation/0_te10.mp4,Zone-2,Safe Walkway Violation,Section 3.3.2,Person detected outside the green-marked Designated Safe Walkway at t=6.0s.,MEDIUM,Logged to DB
849e19c2-03df-465b-94f2-680830f1d541,2026-06-20T03:16:24Z,test/0_safe_walkway_violation/0_te11.mp4,Zone-2,Safe Walkway Violation,Section 3.3.2,Person detected outside the green-marked Designated Safe Walkway at t=0.0s.,MEDIUM,Logged to DB
f969c958-a1b3-4a12-b2f1-1375c5bf16fd,2026-06-20T03:16:24Z,test/0_safe_walkway_violation/0_te11.mp4,Zone-2,Safe Walkway Violation,Section 3.3.2,Person detected outside the green-marked Designated Safe Walkway at t=1.2s.,MEDIUM,Logged to DB
4761c9b9-914d-4a70-b7ab-e6212a697583,2026-06-20T03:16:27Z,test/0_safe_walkway_violation/0_te11.mp4,Zone-2,Safe Walkway Violation,Section 3.3.2,Person detected outside the green-marked Designated Safe Walkway at t=4.8s.,MEDIUM,Logged to DB
387b159a-ca63-4b00-a4ae-9b87b0156677,2026-06-20T03:16:46Z,test/0_safe_walkway_violation/0_te15.mp4,Zone-2,Safe Walkway Violation,Section 3.3.2,Person detected outside the green-marked Designated Safe Walkway at t=0.0s.,MEDIUM,Logged to DB
ff313c1a-188a-4207-b25c-8735390506fe,2026-06-20T03:16:46Z,test/0_safe_walkway_violation/0_te15.mp4,Zone-2,Safe Walkway Violation,Section 3.3.2,Person detected outside the green-marked Designated Safe Walkway at t=1.2s.,MEDIUM,Logged to DB
b852f104-daa9-41b1-8628-37820acf7452,2026-06-20T03:16:47Z,test/0_safe_walkway_violation/0_te15.mp4,Zone-2,Safe Walkway Violation,Section 3.3.2,Person detected outside the green-marked Designated Safe Walkway at t=2.4s.,MEDIUM,Logged to DB
ad5e5e2b-5930-41c2-948a-b38b48593b5f,2026-06-20T03:16:48Z,test/0_safe_walkway_violation/0_te15.mp4,Zone-2,Safe Walkway Violation,Section 3.3.2,Person detected outside the green-marked Designated Safe Walkway at t=3.6s.,MEDIUM,Logged to DB
a2be598d-e0da-4893-8e88-b412c97d72f0,2026-06-20T03:16:49Z,test/0_safe_walkway_violation/0_te15.mp4,Zone-2,Safe Walkway Violation,Section 3.3.2,Person detected outside the green-marked Designated Safe Walkway at t=6.0s.,MEDIUM,Logged to DB
df80729e-1420-42b6-8652-38b90b8abfbc,2026-06-20T03:16:50Z,test/0_safe_walkway_violation/0_te15.mp4,Zone-2,Safe Walkway Violation,Section 3.3.2,Person detected outside the green-marked Designated Safe Walkway at t=7.2s.,MEDIUM,Logged to DB
53c6a44a-3c89-4264-ba3d-5adada86e632,2026-06-20T03:16:52Z,test/0_safe_walkway_violation/0_te16.mp4,Zone-1,Safe Walkway Violation,Section 3.3.2,Person detected outside the green-marked Designated Safe Walkway at t=0.0s.,MEDIUM,Logged to DB
e0ac7567-14d4-48fa-ae6b-06bf35249937,2026-06-20T03:16:52Z,test/0_safe_walkway_violation/0_te16.mp4,Zone-1,Safe Walkway Violation,Section 3.3.2,Person detected outside the green-marked Designated Safe Walkway at t=1.2s.,MEDIUM,Logged to DB
00975931-75a5-4e6f-a8bb-5a314e51f27d,2026-06-20T03:16:53Z,test/0_safe_walkway_violation/0_te16.mp4,Zone-1,Safe Walkway Violation,Section 3.3.2,Person detected outside the green-marked Designated Safe Walkway at t=2.4s.,MEDIUM,Logged to DB
25194281-3343-49ef-bba4-d93b4f6fd927,2026-06-20T03:16:54Z,test/0_safe_walkway_violation/0_te16.mp4,Zone-1,Safe Walkway Violation,Section 3.3.2,Person detected outside the green-marked Designated Safe Walkway at t=3.6s.,MEDIUM,Logged to DB
5a4fec12-1257-4448-a37b-c97219e43683,2026-06-20T03:16:59Z,test/0_safe_walkway_violation/0_te17.mp4,Zone-1,Safe Walkway Violation,Section 3.3.2,Person detected outside the green-marked Designated Safe Walkway at t=2.4s.,MEDIUM,Logged to DB
d6642cc2-ddb2-40ab-9223-d41c1fe958ea,2026-06-20T03:17:02Z,test/0_safe_walkway_violation/0_te17.mp4,Zone-1,Safe Walkway Violation,Section 3.3.2,Person detected outside the green-marked Designated Safe Walkway at t=6.0s.,MEDIUM,Logged to DB
a41ccd15-0100-4042-9a92-1b32e21a33f5,2026-06-20T03:17:03Z,test/0_safe_walkway_violation/0_te17.mp4,Zone-1,Safe Walkway Violation,Section 3.3.2,Person detected outside the green-marked Designated Safe Walkway at t=7.2s.,MEDIUM,Logged to DB
78a5644b-4e05-4304-90a8-9cbec72dee7c,2026-06-20T03:17:04Z,test/0_safe_walkway_violation/0_te17.mp4,Zone-1,Safe Walkway Violation,Section 3.3.2,Person detected outside the green-marked Designated Safe Walkway at t=8.5s.,MEDIUM,Logged to DB
0ac22802-19c4-4179-91d2-fca52074e47a,2026-06-20T03:17:12Z,test/0_safe_walkway_violation/0_te18.mp4,Zone-2,Safe Walkway Violation,Section 3.3.2,Person detected outside the green-marked Designated Safe Walkway at t=3.6s.,MEDIUM,Logged to DB
d3562860-bb2a-42f0-8bd2-f869c256cd50,2026-06-20T03:17:14Z,test/0_safe_walkway_violation/0_te18.mp4,Zone-2,Safe Walkway Violation,Section 3.3.2,Person detected outside the green-marked Designated Safe Walkway at t=4.8s.,MEDIUM,Logged to DB
d9fc3ac6-5223-4a1f-991f-fc879586f937,2026-06-20T03:17:17Z,test/0_safe_walkway_violation/0_te18.mp4,Zone-2,Safe Walkway Violation,Section 3.3.2,Person detected outside the green-marked Designated Safe Walkway at t=6.0s.,MEDIUM,Logged to DB
b42461b5-072c-482b-8abb-4ee86be78f37,2026-06-20T03:17:26Z,test/0_safe_walkway_violation/0_te19.mp4,Zone-3,Safe Walkway Violation,Section 3.3.2,Person detected outside the green-marked Designated Safe Walkway at t=6.0s.,MEDIUM,Logged to DB
f6a26e58-6e2b-4824-8412-c77cf82c99a9,2026-06-20T03:17:36Z,test/0_safe_walkway_violation/0_te2.mp4,Zone-3,Safe Walkway Violation,Section 3.3.2,Person detected outside the green-marked Designated Safe Walkway at t=9.7s.,MEDIUM,Logged to DB
7cbe8eed-c2a2-43a3-ad24-7b29db9fc82a,2026-06-20T03:17:38Z,test/0_safe_walkway_violation/0_te2.mp4,Zone-3,Safe Walkway Violation,Section 3.3.2,Person detected outside the green-marked Designated Safe Walkway at t=10.9s.,MEDIUM,Logged to DB
0637a948-4a98-4b28-a050-122270948f88,2026-06-20T03:17:42Z,test/0_safe_walkway_violation/0_te20.mp4,Zone-2,Safe Walkway Violation,Section 3.3.2,Person detected outside the green-marked Designated Safe Walkway at t=1.2s.,MEDIUM,Logged to DB
a712f116-747c-44dc-bf56-2a90569a37c5,2026-06-20T03:17:43Z,test/0_safe_walkway_violation/0_te20.mp4,Zone-2,Safe Walkway Violation,Section 3.3.2,Person detected outside the green-marked Designated Safe Walkway at t=2.4s.,MEDIUM,Logged to DB
f9184ebc-4ae0-4d95-98f0-0dbea0b91727,2026-06-20T03:17:44Z,test/0_safe_walkway_violation/0_te20.mp4,Zone-2,Safe Walkway Violation,Section 3.3.2,Person detected outside the green-marked Designated Safe Walkway at t=3.6s.,MEDIUM,Logged to DB
2630d70d-2117-437f-9376-c3a69d6b9d05,2026-06-20T03:17:45Z,test/0_safe_walkway_violation/0_te20.mp4,Zone-2,Safe Walkway Violation,Section 3.3.2,Person detected outside the green-marked Designated Safe Walkway at t=4.8s.,MEDIUM,Logged to DB
44ac6444-da8f-4a73-9e09-cb246fa6e645,2026-06-20T03:17:46Z,test/0_safe_walkway_violation/0_te20.mp4,Zone-3,Safe Walkway Violation,Section 3.3.2,Person detected outside the green-marked Designated Safe Walkway at t=6.0s.,MEDIUM,Logged to DB
ed708696-2430-4634-89e3-f5b5fa73ca9c,2026-06-20T03:17:46Z,test/0_safe_walkway_violation/0_te20.mp4,Zone-2,Safe Walkway Violation,Section 3.3.2,Person detected outside the green-marked Designated Safe Walkway at t=6.0s.,MEDIUM,Logged to DB
d44a20ce-64b4-42c7-9708-87dc75a39785,2026-06-20T03:17:48Z,test/0_safe_walkway_violation/0_te20.mp4,Zone-2,Safe Walkway Violation,Section 3.3.2,Person detected outside the green-marked Designated Safe Walkway at t=7.2s.,MEDIUM,Logged to DB
6b67a1ef-b79a-4aea-aead-75e1f9680627,2026-06-20T03:18:01Z,test/0_safe_walkway_violation/0_te22.mp4,Zone-1,Safe Walkway Violation,Section 3.3.2,Person detected outside the green-marked Designated Safe Walkway at t=0.0s.,MEDIUM,Logged to DB
58655670-9dcc-49ac-995d-6d0c9139bc82,2026-06-20T03:18:02Z,test/0_safe_walkway_violation/0_te22.mp4,Zone-1,Safe Walkway Violation,Section 3.3.2,Person detected outside the green-marked Designated Safe Walkway at t=1.4s.,MEDIUM,Logged to DB
10d83211-4924-4cef-9ec1-ce25d08552a2,2026-06-20T03:18:03Z,test/0_safe_walkway_violation/0_te22.mp4,Zone-1,Safe Walkway Violation,Section 3.3.2,Person detected outside the green-marked Designated Safe Walkway at t=4.2s.,MEDIUM,Logged to DB
e06df970-16a8-40ba-92d4-f1d7deebb1f7,2026-06-20T03:18:04Z,test/0_safe_walkway_violation/0_te22.mp4,Zone-2,Safe Walkway Violation,Section 3.3.2,Person detected outside the green-marked Designated Safe Walkway at t=5.6s.,MEDIUM,Logged to DB
92815940-46b4-4ad1-94d0-d739e8779b2e,2026-06-20T03:18:21Z,test/0_safe_walkway_violation/0_te24.mp4,Zone-3,Safe Walkway Violation,Section 3.3.2,Person detected outside the green-marked Designated Safe Walkway at t=9.7s.,MEDIUM,Logged to DB
12f9472a-2697-4864-b551-fd931ec861fb,2026-06-20T03:18:24Z,test/0_safe_walkway_violation/0_te25.mp4,Zone-3,Safe Walkway Violation,Section 3.3.2,Person detected outside the green-marked Designated Safe Walkway at t=0.0s.,MEDIUM,Logged to DB
557d774a-9e7a-49bc-8a1c-62ab16df9e84,2026-06-20T03:18:24Z,test/0_safe_walkway_violation/0_te25.mp4,Zone-3,Safe Walkway Violation,Section 3.3.2,Person detected outside the green-marked Designated Safe Walkway at t=1.2s.,MEDIUM,Logged to DB
b3ea803c-a5c6-4d67-a5b2-c6327d11dfc7,2026-06-20T03:19:14Z,test/0_safe_walkway_violation/0_te29.mp4,Zone-1,Safe Walkway Violation,Section 3.3.2,Person detected outside the green-marked Designated Safe Walkway at t=7.2s.,MEDIUM,Logged to DB
1968c906-a0b8-4cd4-875a-3fe7f89e0815,2026-06-20T03:19:30Z,test/0_safe_walkway_violation/0_te30.mp4,Zone-3,Safe Walkway Violation,Section 3.3.2,Person detected outside the green-marked Designated Safe Walkway at t=0.0s.,MEDIUM,Logged to DB
6d41f753-f8f2-4b99-97ee-be1da571e6b7,2026-06-20T03:19:52Z,test/0_safe_walkway_violation/0_te31.mp4,Zone-3,Safe Walkway Violation,Section 3.3.2,Person detected outside the green-marked Designated Safe Walkway at t=13.3s.,MEDIUM,Logged to DB
a0945d83-5817-46d9-907f-76ede1adcf27,2026-06-20T03:20:03Z,test/0_safe_walkway_violation/0_te4.mp4,Zone-2,Safe Walkway Violation,Section 3.3.2,Person detected outside the green-marked Designated Safe Walkway at t=0.0s.,MEDIUM,Logged to DB
10bc033a-4489-495a-a3ac-0629aa2c0b5a,2026-06-20T03:20:04Z,test/0_safe_walkway_violation/0_te4.mp4,Zone-2,Safe Walkway Violation,Section 3.3.2,Person detected outside the green-marked Designated Safe Walkway at t=1.2s.,MEDIUM,Logged to DB
475e82ec-ec63-4e07-bc29-107196d7ade1,2026-06-20T03:20:05Z,test/0_safe_walkway_violation/0_te4.mp4,Zone-2,Safe Walkway Violation,Section 3.3.2,Person detected outside the green-marked Designated Safe Walkway at t=2.4s.,MEDIUM,Logged to DB
1807213a-42c5-4077-96cb-f74ca839563d,2026-06-20T03:20:06Z,test/0_safe_walkway_violation/0_te4.mp4,Zone-2,Safe Walkway Violation,Section 3.3.2,Person detected outside the green-marked Designated Safe Walkway at t=3.6s.,MEDIUM,Logged to DB
ba2cbb61-3358-40a7-a32a-b3ca310a257a,2026-06-20T03:20:07Z,test/0_safe_walkway_violation/0_te4.mp4,Zone-2,Safe Walkway Violation,Section 3.3.2,Person detected outside the green-marked Designated Safe Walkway at t=4.8s.,MEDIUM,Logged to DB
d073c363-d257-49e5-a7d8-047dc9257c4a,2026-06-20T03:20:08Z,test/0_safe_walkway_violation/0_te4.mp4,Zone-2,Safe Walkway Violation,Section 3.3.2,Person detected outside the green-marked Designated Safe Walkway at t=6.0s.,MEDIUM,Logged to DB
b08ae7d8-d154-4c2b-b890-a5c05173399a,2026-06-20T03:20:09Z,test/0_safe_walkway_violation/0_te4.mp4,Zone-2,Safe Walkway Violation,Section 3.3.2,Person detected outside the green-marked Designated Safe Walkway at t=7.2s.,MEDIUM,Logged to DB
71f05d3c-7d8d-450c-b591-db15a089e768,2026-06-20T03:20:17Z,test/0_safe_walkway_violation/0_te5.mp4,Zone-3,Safe Walkway Violation,Section 3.3.2,Person detected outside the green-marked Designated Safe Walkway at t=2.4s.,MEDIUM,Logged to DB
0c54ebac-65c2-4dc4-8c76-dd237d25c3c6,2026-06-20T03:20:17Z,test/0_safe_walkway_violation/0_te5.mp4,Zone-2,Safe Walkway Violation,Section 3.3.2,Person detected outside the green-marked Designated Safe Walkway at t=2.4s.,MEDIUM,Logged to DB
80c8669e-2cd5-4273-9148-acd902e52ec8,2026-06-20T03:20:18Z,test/0_safe_walkway_violation/0_te5.mp4,Zone-2,Safe Walkway Violation,Section 3.3.2,Person detected outside the green-marked Designated Safe Walkway at t=3.6s.,MEDIUM,Logged to DB
83f06aaa-38f8-4423-b916-206b6a70b842,2026-06-20T03:20:18Z,test/0_safe_walkway_violation/0_te5.mp4,Zone-2,Safe Walkway Violation,Section 3.3.2,Person detected outside the green-marked Designated Safe Walkway at t=3.6s.,MEDIUM,Logged to DB
1a218e79-5ba9-451e-86d3-e1be9d000192,2026-06-20T03:20:19Z,test/0_safe_walkway_violation/0_te5.mp4,Zone-2,Safe Walkway Violation,Section 3.3.2,Person detected outside the green-marked Designated Safe Walkway at t=4.8s.,MEDIUM,Logged to DB
f9e6fc07-a1dc-4976-b06a-fa68f1e29f74,2026-06-20T03:20:20Z,test/0_safe_walkway_violation/0_te5.mp4,Zone-2,Safe Walkway Violation,Section 3.3.2,Person detected outside the green-marked Designated Safe Walkway at t=6.0s.,MEDIUM,Logged to DB
7a4a5e14-8da5-4604-afd7-3cab14b94ec6,2026-06-20T03:20:21Z,test/0_safe_walkway_violation/0_te5.mp4,Zone-2,Safe Walkway Violation,Section 3.3.2,Person detected outside the green-marked Designated Safe Walkway at t=7.2s.,MEDIUM,Logged to DB
80790c4f-ac82-46a5-bf8a-0978f4b79498,2026-06-20T03:20:22Z,test/0_safe_walkway_violation/0_te5.mp4,Zone-2,Safe Walkway Violation,Section 3.3.2,Person detected outside the green-marked Designated Safe Walkway at t=8.5s.,MEDIUM,Logged to DB
b36d06d7-1268-4d95-9f26-4d50d925d1e8,2026-06-20T03:20:27Z,test/0_safe_walkway_violation/0_te6.mp4,Zone-2,Safe Walkway Violation,Section 3.3.2,Person detected outside the green-marked Designated Safe Walkway at t=1.2s.,MEDIUM,Logged to DB
756b4829-8014-467d-a4ed-3906df7a74ec,2026-06-20T03:20:29Z,test/0_safe_walkway_violation/0_te6.mp4,Zone-2,Safe Walkway Violation,Section 3.3.2,Person detected outside the green-marked Designated Safe Walkway at t=2.4s.,MEDIUM,Logged to DB
14f28ec0-25e1-430a-93c3-8f41bc3917bd,2026-06-20T03:20:30Z,test/0_safe_walkway_violation/0_te6.mp4,Zone-2,Safe Walkway Violation,Section 3.3.2,Person detected outside the green-marked Designated Safe Walkway at t=3.6s.,MEDIUM,Logged to DB
c0003b6a-5d6d-4449-9409-122aacee101c,2026-06-20T03:20:31Z,test/0_safe_walkway_violation/0_te6.mp4,Zone-2,Safe Walkway Violation,Section 3.3.2,Person detected outside the green-marked Designated Safe Walkway at t=4.8s.,MEDIUM,Logged to DB
d18013bf-21ae-4459-997e-9ce5e425afee,2026-06-20T03:20:31Z,test/0_safe_walkway_violation/0_te6.mp4,Zone-2,Safe Walkway Violation,Section 3.3.2,Person detected outside the green-marked Designated Safe Walkway at t=6.0s.,MEDIUM,Logged to DB
30fab3c7-05c2-4c35-b6c5-0ff013f02ac0,2026-06-20T03:20:32Z,test/0_safe_walkway_violation/0_te6.mp4,Zone-2,Safe Walkway Violation,Section 3.3.2,Person detected outside the green-marked Designated Safe Walkway at t=7.2s.,MEDIUM,Logged to DB
9ed8c43f-3112-4c5e-901e-28cd16b5ea71,2026-06-20T03:20:33Z,test/0_safe_walkway_violation/0_te6.mp4,Zone-3,Safe Walkway Violation,Section 3.3.2,Person detected outside the green-marked Designated Safe Walkway at t=8.5s.,MEDIUM,Logged to DB
32f4b2d2-a008-4075-9c77-c20ef2e153a2,2026-06-20T03:20:33Z,test/0_safe_walkway_violation/0_te6.mp4,Zone-3,Safe Walkway Violation,Section 3.3.2,Person detected outside the green-marked Designated Safe Walkway at t=8.5s.,MEDIUM,Logged to DB
e2847379-e134-4ec3-b7af-55703592ef33,2026-06-20T03:20:33Z,test/0_safe_walkway_violation/0_te6.mp4,Zone-3,Safe Walkway Violation,Section 3.3.2,Person detected outside the green-marked Designated Safe Walkway at t=8.5s.,MEDIUM,Logged to DB
391e7067-8fde-4c9b-990b-38b896c3bd68,2026-06-20T03:20:35Z,test/0_safe_walkway_violation/0_te6.mp4,Zone-3,Safe Walkway Violation,Section 3.3.2,Person detected outside the green-marked Designated Safe Walkway at t=9.7s.,MEDIUM,Logged to DB
cb0d9c83-f7e6-4cbc-859d-d03035212a87,2026-06-20T03:20:35Z,test/0_safe_walkway_violation/0_te6.mp4,Zone-3,Safe Walkway Violation,Section 3.3.2,Person detected outside the green-marked Designated Safe Walkway at t=9.7s.,MEDIUM,Logged to DB
263910a8-9bff-4004-920d-8b037adc1b0e,2026-06-20T03:20:36Z,test/0_safe_walkway_violation/0_te6.mp4,Zone-3,Safe Walkway Violation,Section 3.3.2,Person detected outside the green-marked Designated Safe Walkway at t=10.9s.,MEDIUM,Logged to DB
ac77dd07-dc1e-4ee8-a8e7-92e3d1dfbe20,2026-06-20T03:20:36Z,test/0_safe_walkway_violation/0_te6.mp4,Zone-3,Safe Walkway Violation,Section 3.3.2,Person detected outside the green-marked Designated Safe Walkway at t=10.9s.,MEDIUM,Logged to DB
482ecae4-0762-492d-84b9-23abb8b0ed11,2026-06-20T03:20:37Z,test/0_safe_walkway_violation/0_te6.mp4,Zone-3,Safe Walkway Violation,Section 3.3.2,Person detected outside the green-marked Designated Safe Walkway at t=12.1s.,MEDIUM,Logged to DB
54befdca-8b07-44ab-b631-57cb51166075,2026-06-20T03:20:37Z,test/0_safe_walkway_violation/0_te6.mp4,Zone-3,Safe Walkway Violation,Section 3.3.2,Person detected outside the green-marked Designated Safe Walkway at t=12.1s.,MEDIUM,Logged to DB
ee5fdf2d-3302-4d04-a7fa-06c9efae1914,2026-06-20T03:20:38Z,test/0_safe_walkway_violation/0_te6.mp4,Zone-3,Safe Walkway Violation,Section 3.3.2,Person detected outside the green-marked Designated Safe Walkway at t=13.3s.,MEDIUM,Logged to DB
3682a24d-9ba1-4451-90c1-6091a6720723,2026-06-20T03:20:38Z,test/0_safe_walkway_violation/0_te6.mp4,Zone-2,Safe Walkway Violation,Section 3.3.2,Person detected outside the green-marked Designated Safe Walkway at t=13.3s.,MEDIUM,Logged to DB
a30fd0ec-af9c-451b-b510-a1ae1c950102,2026-06-20T03:20:46Z,test/0_safe_walkway_violation/0_te7.mp4,Zone-2,Safe Walkway Violation,Section 3.3.2,Person detected outside the green-marked Designated Safe Walkway at t=7.3s.,MEDIUM,Logged to DB
8967d62c-e6fd-4d7b-93aa-dd4ae5b991ec,2026-06-20T03:20:48Z,test/0_safe_walkway_violation/0_te7.mp4,Zone-2,Safe Walkway Violation,Section 3.3.2,Person detected outside the green-marked Designated Safe Walkway at t=9.7s.,MEDIUM,Logged to DB
d184652a-66e5-4882-bbb8-c868d6484151,2026-06-20T03:20:52Z,test/0_safe_walkway_violation/0_te7.mp4,Zone-2,Safe Walkway Violation,Section 3.3.2,Person detected outside the green-marked Designated Safe Walkway at t=15.7s.,MEDIUM,Logged to DB
9473b13b-16bd-420f-bf77-af3fe32a3782,2026-06-20T03:20:53Z,test/0_safe_walkway_violation/0_te7.mp4,Zone-2,Safe Walkway Violation,Section 3.3.2,Person detected outside the green-marked Designated Safe Walkway at t=16.9s.,MEDIUM,Logged to DB
0d726ccf-958c-4310-a760-fd237622c1ff,2026-06-20T03:20:58Z,test/0_safe_walkway_violation/0_te8.mp4,Zone-2,Safe Walkway Violation,Section 3.3.2,Person detected outside the green-marked Designated Safe Walkway at t=4.8s.,MEDIUM,Logged to DB
34744c8c-d93a-4e40-b5d0-8863fe7103dd,2026-06-20T03:20:59Z,test/0_safe_walkway_violation/0_te8.mp4,Zone-2,Safe Walkway Violation,Section 3.3.2,Person detected outside the green-marked Designated Safe Walkway at t=6.0s.,MEDIUM,Logged to DB
d50b748d-cab9-4e9d-b235-33a5bbd18b4a,2026-06-20T03:21:01Z,test/0_safe_walkway_violation/0_te8.mp4,Zone-2,Safe Walkway Violation,Section 3.3.2,Person detected outside the green-marked Designated Safe Walkway at t=7.3s.,MEDIUM,Logged to DB
1a018f32-cee7-4e48-b522-fbf1378a880e,2026-06-20T03:21:03Z,test/0_safe_walkway_violation/0_te8.mp4,Zone-2,Safe Walkway Violation,Section 3.3.2,Person detected outside the green-marked Designated Safe Walkway at t=10.9s.,MEDIUM,Logged to DB
1aa6d57c-4b9d-4d25-9275-a220bc92b190,2026-06-20T03:21:04Z,test/0_safe_walkway_violation/0_te8.mp4,Zone-2,Safe Walkway Violation,Section 3.3.2,Person detected outside the green-marked Designated Safe Walkway at t=12.1s.,MEDIUM,Logged to DB
7440c934-238c-475a-ab10-93aa6f5b39da,2026-06-20T03:21:05Z,test/0_safe_walkway_violation/0_te8.mp4,Zone-2,Safe Walkway Violation,Section 3.3.2,Person detected outside the green-marked Designated Safe Walkway at t=13.3s.,MEDIUM,Logged to DB
a449a063-0bb4-497b-bcf4-7168cd561d10,2026-06-20T03:21:09Z,test/0_safe_walkway_violation/0_te8.mp4,Zone-2,Safe Walkway Violation,Section 3.3.2,Person detected outside the green-marked Designated Safe Walkway at t=14.5s.,MEDIUM,Logged to DB
d9a561e1-4f83-4b79-bb0c-f69bfb7418d8,2026-06-20T03:21:10Z,test/0_safe_walkway_violation/0_te8.mp4,Zone-2,Safe Walkway Violation,Section 3.3.2,Person detected outside the green-marked Designated Safe Walkway at t=15.7s.,MEDIUM,Logged to DB
267d3684-5197-4520-b53f-06f4eb939b51,2026-06-20T03:21:14Z,test/0_safe_walkway_violation/0_te9.mp4,Zone-2,Safe Walkway Violation,Section 3.3.2,Person detected outside the green-marked Designated Safe Walkway at t=0.0s.,MEDIUM,Logged to DB
f5c2e532-bfbd-4d04-99d5-0fbc6f0d80c6,2026-06-20T03:21:15Z,test/0_safe_walkway_violation/0_te9.mp4,Zone-2,Safe Walkway Violation,Section 3.3.2,Person detected outside the green-marked Designated Safe Walkway at t=1.2s.,MEDIUM,Logged to DB
bd4c76f9-71ed-4185-8d5a-e63232f3ae95,2026-06-20T03:21:15Z,test/0_safe_walkway_violation/0_te9.mp4,Zone-2,Safe Walkway Violation,Section 3.3.2,Person detected outside the green-marked Designated Safe Walkway at t=2.4s.,MEDIUM,Logged to DB
4e125e12-eeb3-4c89-a70d-ec52d4565db9,2026-06-20T03:21:21Z,test/0_safe_walkway_violation/0_te9.mp4,Zone-3,Safe Walkway Violation,Section 3.3.2,Person detected outside the green-marked Designated Safe Walkway at t=10.9s.,MEDIUM,Logged to DB
1bf0c58e-5313-4440-bb69-1b257624561f,2026-06-20T03:21:31Z,test/1_unauthorized_intervention/1_te1.mp4,Zone-2,Safe Walkway Violation,Section 3.3.2,Person detected outside the green-marked Designated Safe Walkway at t=4.8s.,MEDIUM,Logged to DB
fb0d26da-24f0-4a2d-9516-26c809f82d29,2026-06-20T03:21:32Z,test/1_unauthorized_intervention/1_te1.mp4,Zone-2,Safe Walkway Violation,Section 3.3.2,Person detected outside the green-marked Designated Safe Walkway at t=6.0s.,MEDIUM,Logged to DB
477d1a14-4cff-40bc-b8c4-9e6a821febfc,2026-06-20T03:21:33Z,test/1_unauthorized_intervention/1_te1.mp4,Zone-2,Safe Walkway Violation,Section 3.3.2,Person detected outside the green-marked Designated Safe Walkway at t=7.3s.,MEDIUM,Logged to DB
5099741c-71a2-4e74-8141-fbd1593f5ccb,2026-06-20T03:21:35Z,test/1_unauthorized_intervention/1_te1.mp4,Zone-2,Safe Walkway Violation,Section 3.3.2,Person detected outside the green-marked Designated Safe Walkway at t=10.9s.,MEDIUM,Logged to DB
9f5ed10d-e23f-466e-9968-061ed93c961a,2026-06-20T03:21:36Z,test/1_unauthorized_intervention/1_te1.mp4,Zone-2,Safe Walkway Violation,Section 3.3.2,Person detected outside the green-marked Designated Safe Walkway at t=12.1s.,MEDIUM,Logged to DB
ca3c8428-025b-4844-957a-b3a7707a70a6,2026-06-20T03:21:37Z,test/1_unauthorized_intervention/1_te1.mp4,Zone-2,Safe Walkway Violation,Section 3.3.2,Person detected outside the green-marked Designated Safe Walkway at t=13.3s.,MEDIUM,Logged to DB
b91da61c-f851-476a-ac55-37c026968801,2026-06-20T03:21:38Z,test/1_unauthorized_intervention/1_te1.mp4,Zone-2,Safe Walkway Violation,Section 3.3.2,Person detected outside the green-marked Designated Safe Walkway at t=14.5s.,MEDIUM,Logged to DB
39d39875-49b3-40d3-a146-db1182c3540b,2026-06-20T03:21:39Z,test/1_unauthorized_intervention/1_te1.mp4,Zone-2,Safe Walkway Violation,Section 3.3.2,Person detected outside the green-marked Designated Safe Walkway at t=15.7s.,MEDIUM,Logged to DB
250180c5-b93f-4377-84d1-990379f067e9,2026-06-20T03:21:46Z,test/1_unauthorized_intervention/1_te11.mp4,Zone-1,Safe Walkway Violation,Section 3.3.2,Person detected outside the green-marked Designated Safe Walkway at t=0.0s.,MEDIUM,Logged to DB
71a6b3f2-190c-4997-91ae-211a76fa683e,2026-06-20T03:21:54Z,test/1_unauthorized_intervention/1_te2.mp4,Zone-3,Safe Walkway Violation,Section 3.3.2,Person detected outside the green-marked Designated Safe Walkway at t=6.0s.,MEDIUM,Logged to DB
7064c65b-2a37-4878-8835-99c9c4bcce43,2026-06-20T03:21:54Z,test/1_unauthorized_intervention/1_te2.mp4,Zone-3,Safe Walkway Violation,Section 3.3.2,Person detected outside the green-marked Designated Safe Walkway at t=7.3s.,MEDIUM,Logged to DB
b66e29fd-9c56-4d42-8b8c-b6558e20993c,2026-06-20T03:21:54Z,test/1_unauthorized_intervention/1_te2.mp4,Zone-2,Safe Walkway Violation,Section 3.3.2,Person detected outside the green-marked Designated Safe Walkway at t=7.3s.,MEDIUM,Logged to DB
7f0bfbb1-3c18-4f11-8760-34705cba01e1,2026-06-20T03:21:55Z,test/1_unauthorized_intervention/1_te2.mp4,Zone-2,Safe Walkway Violation,Section 3.3.2,Person detected outside the green-marked Designated Safe Walkway at t=8.5s.,MEDIUM,Logged to DB
0fb0dd93-386b-49ce-8d7e-1cdd7627a86e,2026-06-20T03:21:57Z,test/1_unauthorized_intervention/1_te2.mp4,Zone-2,Safe Walkway Violation,Section 3.3.2,Person detected outside the green-marked Designated Safe Walkway at t=10.9s.,MEDIUM,Logged to DB
20ec76c0-e071-4325-be1b-25a2fb1687a8,2026-06-20T03:22:03Z,test/1_unauthorized_intervention/1_te3.mp4,Zone-2,Safe Walkway Violation,Section 3.3.2,Person detected outside the green-marked Designated Safe Walkway at t=1.2s.,MEDIUM,Logged to DB
754383bb-9e58-4856-b95a-ac99b21f5568,2026-06-20T03:22:04Z,test/1_unauthorized_intervention/1_te3.mp4,Zone-2,Safe Walkway Violation,Section 3.3.2,Person detected outside the green-marked Designated Safe Walkway at t=2.4s.,MEDIUM,Logged to DB
cb6b4608-5b6f-4ce4-a9b8-d425c736f384,2026-06-20T03:22:04Z,test/1_unauthorized_intervention/1_te3.mp4,Zone-1,Safe Walkway Violation,Section 3.3.2,Person detected outside the green-marked Designated Safe Walkway at t=2.4s.,MEDIUM,Logged to DB
575e4d44-d2cd-44e0-8a64-74c37d7c79c7,2026-06-20T03:22:05Z,test/1_unauthorized_intervention/1_te3.mp4,Zone-2,Safe Walkway Violation,Section 3.3.2,Person detected outside the green-marked Designated Safe Walkway at t=4.8s.,MEDIUM,Logged to DB
3a95f7f7-7c26-4f27-8f62-19d8af6be847,2026-06-20T03:22:08Z,test/1_unauthorized_intervention/1_te3.mp4,Zone-2,Safe Walkway Violation,Section 3.3.2,Person detected outside the green-marked Designated Safe Walkway at t=9.7s.,MEDIUM,Logged to DB
51250584-d9ca-41c3-8bf1-afc3784902f7,2026-06-20T03:22:09Z,test/1_unauthorized_intervention/1_te3.mp4,Zone-2,Safe Walkway Violation,Section 3.3.2,Person detected outside the green-marked Designated Safe Walkway at t=10.9s.,MEDIUM,Logged to DB
e4144abc-603a-485b-9599-eadf3b4cf032,2026-06-20T03:22:09Z,test/1_unauthorized_intervention/1_te3.mp4,Zone-2,Safe Walkway Violation,Section 3.3.2,Person detected outside the green-marked Designated Safe Walkway at t=12.1s.,MEDIUM,Logged to DB
d63c969c-9193-4039-9d6d-c3d79a79b137,2026-06-20T03:22:10Z,test/1_unauthorized_intervention/1_te3.mp4,Zone-2,Safe Walkway Violation,Section 3.3.2,Person detected outside the green-marked Designated Safe Walkway at t=13.3s.,MEDIUM,Logged to DB
9970f4b1-53c2-4da5-a66f-dcf1f4e2b27a,2026-06-20T03:22:11Z,test/1_unauthorized_intervention/1_te3.mp4,Zone-2,Safe Walkway Violation,Section 3.3.2,Person detected outside the green-marked Designated Safe Walkway at t=14.5s.,MEDIUM,Logged to DB
3b2fbbe4-84e9-4819-a591-b4bef1eb2413,2026-06-20T03:22:11Z,test/1_unauthorized_intervention/1_te4.mp4,Zone-2,Safe Walkway Violation,Section 3.3.2,Person detected outside the green-marked Designated Safe Walkway at t=0.0s.,MEDIUM,Logged to DB
e056a19e-319c-4cf3-a30d-d1f118209c05,2026-06-20T03:22:12Z,test/1_unauthorized_intervention/1_te4.mp4,Zone-2,Safe Walkway Violation,Section 3.3.2,Person detected outside the green-marked Designated Safe Walkway at t=1.2s.,MEDIUM,Logged to DB
b56d9efc-a2b5-499b-a864-e7db5339cca8,2026-06-20T03:22:13Z,test/1_unauthorized_intervention/1_te4.mp4,Zone-2,Safe Walkway Violation,Section 3.3.2,Person detected outside the green-marked Designated Safe Walkway at t=3.6s.,MEDIUM,Logged to DB
77bc45cc-eab8-4532-b72a-f5c715da57f3,2026-06-20T03:22:14Z,test/1_unauthorized_intervention/1_te4.mp4,Zone-2,Safe Walkway Violation,Section 3.3.2,Person detected outside the green-marked Designated Safe Walkway at t=4.8s.,MEDIUM,Logged to DB
90aa0efd-e3f3-4c1f-8a47-5c8dde4d3da3,2026-06-20T03:22:15Z,test/1_unauthorized_intervention/1_te4.mp4,Zone-2,Safe Walkway Violation,Section 3.3.2,Person detected outside the green-marked Designated Safe Walkway at t=7.2s.,MEDIUM,Logged to DB
33498824-c4a0-4be8-a338-376e1caf0f49,2026-06-20T03:22:20Z,test/1_unauthorized_intervention/1_te5.mp4,Zone-2,Safe Walkway Violation,Section 3.3.2,Person detected outside the green-marked Designated Safe Walkway at t=3.6s.,MEDIUM,Logged to DB
57c93e5c-cdd4-4270-a15a-6f9ede4adb0a,2026-06-20T03:22:21Z,test/1_unauthorized_intervention/1_te5.mp4,Zone-2,Safe Walkway Violation,Section 3.3.2,Person detected outside the green-marked Designated Safe Walkway at t=4.8s.,MEDIUM,Logged to DB
24811469-68d6-4710-a843-114260767682,2026-06-20T03:22:21Z,test/1_unauthorized_intervention/1_te5.mp4,Zone-2,Safe Walkway Violation,Section 3.3.2,Person detected outside the green-marked Designated Safe Walkway at t=6.0s.,MEDIUM,Logged to DB
a9e421a2-0d2a-42f2-9e83-cffab87a428c,2026-06-20T03:22:22Z,test/1_unauthorized_intervention/1_te5.mp4,Zone-2,Safe Walkway Violation,Section 3.3.2,Person detected outside the green-marked Designated Safe Walkway at t=7.2s.,MEDIUM,Logged to DB
c77f1dad-e7cc-4ad7-95ea-f38598e5c7a0,2026-06-20T03:22:22Z,test/1_unauthorized_intervention/1_te5.mp4,Zone-2,Safe Walkway Violation,Section 3.3.2,Person detected outside the green-marked Designated Safe Walkway at t=8.5s.,MEDIUM,Logged to DB
87e52075-3f79-427e-9ea6-93e16b42b444,2026-06-20T03:22:23Z,test/1_unauthorized_intervention/1_te5.mp4,Zone-2,Safe Walkway Violation,Section 3.3.2,Person detected outside the green-marked Designated Safe Walkway at t=9.7s.,MEDIUM,Logged to DB
7e303b0d-7934-4067-ac42-92336c7e47e8,2026-06-20T03:22:27Z,test/1_unauthorized_intervention/1_te6.mp4,Zone-3,Safe Walkway Violation,Section 3.3.2,Person detected outside the green-marked Designated Safe Walkway at t=3.6s.,MEDIUM,Logged to DB
a3f7fda6-d985-4edf-9293-224db67de638,2026-06-20T03:22:28Z,test/1_unauthorized_intervention/1_te6.mp4,Zone-3,Safe Walkway Violation,Section 3.3.2,Person detected outside the green-marked Designated Safe Walkway at t=4.8s.,MEDIUM,Logged to DB
070022f3-cdac-4c3e-af11-85285c1361e9,2026-06-20T03:22:31Z,test/1_unauthorized_intervention/1_te6.mp4,Zone-1,Safe Walkway Violation,Section 3.3.2,Person detected outside the green-marked Designated Safe Walkway at t=9.7s.,MEDIUM,Logged to DB
35bb6264-7215-4484-a410-1c2340f8530a,2026-06-20T03:22:33Z,test/1_unauthorized_intervention/1_te7.mp4,Zone-2,Safe Walkway Violation,Section 3.3.2,Person detected outside the green-marked Designated Safe Walkway at t=1.2s.,MEDIUM,Logged to DB
d52b3ea0-0269-47ba-bf9b-0f5c6d65d120,2026-06-20T03:22:36Z,test/1_unauthorized_intervention/1_te7.mp4,Zone-2,Safe Walkway Violation,Section 3.3.2,Person detected outside the green-marked Designated Safe Walkway at t=7.2s.,MEDIUM,Logged to DB
2a5d990e-fde3-42be-9484-0b533def72ea,2026-06-20T03:22:38Z,test/1_unauthorized_intervention/1_te7.mp4,Zone-2,Safe Walkway Violation,Section 3.3.2,Person detected outside the green-marked Designated Safe Walkway at t=10.9s.,MEDIUM,Logged to DB
48e7c4e8-7398-4784-a0c4-db85c938f8e1,2026-06-20T03:22:39Z,test/1_unauthorized_intervention/1_te8.mp4,Zone-2,Safe Walkway Violation,Section 3.3.2,Person detected outside the green-marked Designated Safe Walkway at t=0.0s.,MEDIUM,Logged to DB
41e0a1ac-ae1d-4f40-ae1f-fe9fbbff7777,2026-06-20T03:22:39Z,test/1_unauthorized_intervention/1_te8.mp4,Zone-1,Safe Walkway Violation,Section 3.3.2,Person detected outside the green-marked Designated Safe Walkway at t=0.0s.,MEDIUM,Logged to DB
0c152d16-86bf-481a-83f5-db96d8ddbc42,2026-06-20T03:22:40Z,test/1_unauthorized_intervention/1_te8.mp4,Zone-1,Safe Walkway Violation,Section 3.3.2,Person detected outside the green-marked Designated Safe Walkway at t=1.2s.,MEDIUM,Logged to DB
058f0cd7-0e77-45b8-a61a-545d0db81ca0,2026-06-20T03:22:40Z,test/1_unauthorized_intervention/1_te8.mp4,Zone-1,Safe Walkway Violation,Section 3.3.2,Person detected outside the green-marked Designated Safe Walkway at t=2.4s.,MEDIUM,Logged to DB
02d17d63-8837-4e8f-a06c-f2c14c7ec4ae,2026-06-20T03:22:40Z,test/1_unauthorized_intervention/1_te8.mp4,Zone-1,Safe Walkway Violation,Section 3.3.2,Person detected outside the green-marked Designated Safe Walkway at t=2.4s.,MEDIUM,Logged to DB
22b7b554-d2e1-4d51-af76-7235928b648f,2026-06-20T03:22:41Z,test/1_unauthorized_intervention/1_te8.mp4,Zone-1,Safe Walkway Violation,Section 3.3.2,Person detected outside the green-marked Designated Safe Walkway at t=3.6s.,MEDIUM,Logged to DB
43ff631a-729f-4df0-81a6-6afc564346f2,2026-06-20T03:22:41Z,test/1_unauthorized_intervention/1_te8.mp4,Zone-1,Safe Walkway Violation,Section 3.3.2,Person detected outside the green-marked Designated Safe Walkway at t=3.6s.,MEDIUM,Logged to DB
71935727-f1d3-4c08-a2c1-f0183802b315,2026-06-20T03:22:42Z,test/1_unauthorized_intervention/1_te8.mp4,Zone-1,Safe Walkway Violation,Section 3.3.2,Person detected outside the green-marked Designated Safe Walkway at t=4.8s.,MEDIUM,Logged to DB
3e1c88a5-9678-4282-af12-d05578d08932,2026-06-20T03:22:43Z,test/1_unauthorized_intervention/1_te8.mp4,Zone-1,Safe Walkway Violation,Section 3.3.2,Person detected outside the green-marked Designated Safe Walkway at t=6.0s.,MEDIUM,Logged to DB
f8f515c8-96f2-4fe7-9469-ca80e4226919,2026-06-20T03:22:43Z,test/1_unauthorized_intervention/1_te8.mp4,Zone-1,Safe Walkway Violation,Section 3.3.2,Person detected outside the green-marked Designated Safe Walkway at t=6.0s.,MEDIUM,Logged to DB
e4d90548-c259-4a79-9068-6756a590d645,2026-06-20T03:22:44Z,test/1_unauthorized_intervention/1_te8.mp4,Zone-1,Safe Walkway Violation,Section 3.3.2,Person detected outside the green-marked Designated Safe Walkway at t=7.2s.,MEDIUM,Logged to DB
4cb34c8a-3db1-4192-b900-1499805a33bb,2026-06-20T03:22:44Z,test/1_unauthorized_intervention/1_te8.mp4,Zone-1,Safe Walkway Violation,Section 3.3.2,Person detected outside the green-marked Designated Safe Walkway at t=7.2s.,MEDIUM,Logged to DB
265b23b2-3425-48df-a572-829724c805bb,2026-06-20T03:22:45Z,test/1_unauthorized_intervention/1_te8.mp4,Zone-1,Safe Walkway Violation,Section 3.3.2,Person detected outside the green-marked Designated Safe Walkway at t=8.4s.,MEDIUM,Logged to DB
dde6d470-aa19-43bc-bbc7-b8ebb5bca9f2,2026-06-20T03:22:45Z,test/1_unauthorized_intervention/1_te8.mp4,Zone-1,Safe Walkway Violation,Section 3.3.2,Person detected outside the green-marked Designated Safe Walkway at t=8.4s.,MEDIUM,Logged to DB
e049c67f-a6ab-488b-a4c7-b3d7d0c8afc3,2026-06-20T03:22:45Z,test/1_unauthorized_intervention/1_te8.mp4,Zone-1,Safe Walkway Violation,Section 3.3.2,Person detected outside the green-marked Designated Safe Walkway at t=9.6s.,MEDIUM,Logged to DB
f4f60cbe-84fb-4252-9e28-1652c041e21e,2026-06-20T03:22:45Z,test/1_unauthorized_intervention/1_te8.mp4,Zone-1,Safe Walkway Violation,Section 3.3.2,Person detected outside the green-marked Designated Safe Walkway at t=9.6s.,MEDIUM,Logged to DB
e0d07c9a-ec66-47e3-860d-5c38b2ec5571,2026-06-20T03:22:45Z,test/1_unauthorized_intervention/1_te8.mp4,Zone-1,Safe Walkway Violation,Section 3.3.2,Person detected outside the green-marked Designated Safe Walkway at t=9.6s.,MEDIUM,Logged to DB
87fb084a-af3e-4a42-a924-ef0344b26cff,2026-06-20T03:22:46Z,test/1_unauthorized_intervention/1_te8.mp4,Zone-1,Safe Walkway Violation,Section 3.3.2,Person detected outside the green-marked Designated Safe Walkway at t=10.8s.,MEDIUM,Logged to DB
a1f43d68-2b7d-4527-9d16-fb8a83368aeb,2026-06-20T03:22:46Z,test/1_unauthorized_intervention/1_te8.mp4,Zone-1,Safe Walkway Violation,Section 3.3.2,Person detected outside the green-marked Designated Safe Walkway at t=10.8s.,MEDIUM,Logged to DB
3e495213-471f-466d-b6a2-35e628757a0b,2026-06-20T03:22:46Z,test/1_unauthorized_intervention/1_te8.mp4,Zone-1,Safe Walkway Violation,Section 3.3.2,Person detected outside the green-marked Designated Safe Walkway at t=10.8s.,MEDIUM,Logged to DB
666d43e0-9269-4668-aea9-d2072f599d1d,2026-06-20T03:22:47Z,test/1_unauthorized_intervention/1_te9.mp4,Zone-2,Safe Walkway Violation,Section 3.3.2,Person detected outside the green-marked Designated Safe Walkway at t=0.0s.,MEDIUM,Logged to DB
9760fc47-cb13-46e1-8d4c-b51325d2f78c,2026-06-20T03:22:48Z,test/1_unauthorized_intervention/1_te9.mp4,Zone-1,Safe Walkway Violation,Section 3.3.2,Person detected outside the green-marked Designated Safe Walkway at t=1.2s.,MEDIUM,Logged to DB
bfaec7ab-7869-4350-b58b-f763cff07e3d,2026-06-20T03:22:49Z,test/1_unauthorized_intervention/1_te9.mp4,Zone-1,Safe Walkway Violation,Section 3.3.2,Person detected outside the green-marked Designated Safe Walkway at t=2.4s.,MEDIUM,Logged to DB
d05c2223-d5ce-4144-809a-42ad0857c23d,2026-06-20T03:22:49Z,test/1_unauthorized_intervention/1_te9.mp4,Zone-1,Safe Walkway Violation,Section 3.3.2,Person detected outside the green-marked Designated Safe Walkway at t=3.7s.,MEDIUM,Logged to DB
99572c54-aace-41cd-9405-7ad24d4dd22d,2026-06-20T03:22:50Z,test/1_unauthorized_intervention/1_te9.mp4,Zone-1,Safe Walkway Violation,Section 3.3.2,Person detected outside the green-marked Designated Safe Walkway at t=4.9s.,MEDIUM,Logged to DB
5ab69f2a-2354-4c4a-aae4-a58572fa6c0f,2026-06-20T03:22:52Z,test/1_unauthorized_intervention/1_te9.mp4,Zone-1,Safe Walkway Violation,Section 3.3.2,Person detected outside the green-marked Designated Safe Walkway at t=8.5s.,MEDIUM,Logged to DB
626ce14f-aca1-4924-8f15-459dc4abed8c,2026-06-20T03:22:53Z,test/1_unauthorized_intervention/1_te9.mp4,Zone-2,Safe Walkway Violation,Section 3.3.2,Person detected outside the green-marked Designated Safe Walkway at t=9.8s.,MEDIUM,Logged to DB
574ec2a3-d4d9-434b-8c67-738a62097b73,2026-06-20T03:22:53Z,test/1_unauthorized_intervention/1_te9.mp4,Zone-2,Safe Walkway Violation,Section 3.3.2,Person detected outside the green-marked Designated Safe Walkway at t=11.0s.,MEDIUM,Logged to DB
f74be0cd-d386-404c-b466-141109c17c36,2026-06-20T03:22:54Z,test/2_opened_panel cover/2_te1.mp4,Zone-2,Safe Walkway Violation,Section 3.3.2,Person detected outside the green-marked Designated Safe Walkway at t=0.0s.,MEDIUM,Logged to DB
78b97eb2-bfbc-4a4a-b18b-6feeb5c6c4f9,2026-06-20T03:22:54Z,test/2_opened_panel cover/2_te1.mp4,Zone-1,Safe Walkway Violation,Section 3.3.2,Person detected outside the green-marked Designated Safe Walkway at t=0.0s.,MEDIUM,Logged to DB
cea678d6-2a0e-4e89-9760-452ba49195c3,2026-06-20T03:22:55Z,test/2_opened_panel cover/2_te1.mp4,Zone-2,Safe Walkway Violation,Section 3.3.2,Person detected outside the green-marked Designated Safe Walkway at t=1.2s.,MEDIUM,Logged to DB
718f1956-ee83-40bb-999d-70b648188e88,2026-06-20T03:22:55Z,test/2_opened_panel cover/2_te1.mp4,Zone-1,Safe Walkway Violation,Section 3.3.2,Person detected outside the green-marked Designated Safe Walkway at t=1.2s.,MEDIUM,Logged to DB
268484b7-0373-42b9-8794-cca0dd5aaee9,2026-06-20T03:22:56Z,test/2_opened_panel cover/2_te1.mp4,Zone-1,Safe Walkway Violation,Section 3.3.2,Person detected outside the green-marked Designated Safe Walkway at t=2.4s.,MEDIUM,Logged to DB
cede2507-1f4a-43ad-8b23-e61e987813da,2026-06-20T03:22:56Z,test/2_opened_panel cover/2_te1.mp4,Zone-2,Safe Walkway Violation,Section 3.3.2,Person detected outside the green-marked Designated Safe Walkway at t=2.4s.,MEDIUM,Logged to DB
0877b305-01e7-4f95-9209-d54cb5bb29ba,2026-06-20T03:22:56Z,test/2_opened_panel cover/2_te1.mp4,Zone-1,Safe Walkway Violation,Section 3.3.2,Person detected outside the green-marked Designated Safe Walkway at t=3.6s.,MEDIUM,Logged to DB
843fcddd-78d4-4ce9-abf4-4bc100f622f0,2026-06-20T03:22:56Z,test/2_opened_panel cover/2_te1.mp4,Zone-1,Safe Walkway Violation,Section 3.3.2,Person detected outside the green-marked Designated Safe Walkway at t=3.6s.,MEDIUM,Logged to DB
3aceb312-28cd-4dce-9150-f55ec9aa1d24,2026-06-20T03:22:59Z,test/2_opened_panel cover/2_te10.mp4,Zone-1,Safe Walkway Violation,Section 3.3.2,Person detected outside the green-marked Designated Safe Walkway at t=3.6s.,MEDIUM,Logged to DB
1e2e0095-4ba6-49bb-81d1-ada2fb148013,2026-06-20T03:23:00Z,test/2_opened_panel cover/2_te10.mp4,Zone-1,Safe Walkway Violation,Section 3.3.2,Person detected outside the green-marked Designated Safe Walkway at t=4.8s.,MEDIUM,Logged to DB
423316af-45ae-40b7-bf3e-662ff6a9675a,2026-06-20T03:23:01Z,test/2_opened_panel cover/2_te10.mp4,Zone-1,Safe Walkway Violation,Section 3.3.2,Person detected outside the green-marked Designated Safe Walkway at t=6.0s.,MEDIUM,Logged to DB
2a65ca98-2f8b-4ec1-aaf2-57ed94c40b8c,2026-06-20T03:23:01Z,test/2_opened_panel cover/2_te10.mp4,Zone-1,Safe Walkway Violation,Section 3.3.2,Person detected outside the green-marked Designated Safe Walkway at t=7.2s.,MEDIUM,Logged to DB
36f9dc09-2099-43d1-ad17-1f63f9f3119a,2026-06-20T03:23:13Z,test/2_opened_panel cover/2_te13.mp4,Zone-2,Safe Walkway Violation,Section 3.3.2,Person detected outside the green-marked Designated Safe Walkway at t=0.0s.,MEDIUM,Logged to DB
b864b3fe-1589-4611-beb9-da6b86865551,2026-06-20T03:23:14Z,test/2_opened_panel cover/2_te13.mp4,Zone-2,Safe Walkway Violation,Section 3.3.2,Person detected outside the green-marked Designated Safe Walkway at t=1.2s.,MEDIUM,Logged to DB
0aa924a9-43cc-433c-a435-b0a08537e962,2026-06-20T03:23:22Z,test/2_opened_panel cover/2_te4.mp4,Zone-1,Safe Walkway Violation,Section 3.3.2,Person detected outside the green-marked Designated Safe Walkway at t=3.6s.,MEDIUM,Logged to DB
df0eb6e9-7e87-46c2-9c28-11493329ecc8,2026-06-20T03:23:23Z,test/2_opened_panel cover/2_te5.mp4,Zone-1,Safe Walkway Violation,Section 3.3.2,Person detected outside the green-marked Designated Safe Walkway at t=0.0s.,MEDIUM,Logged to DB
5fafc42b-7d65-4e3b-a5fb-4ecc93885b7a,2026-06-20T03:23:24Z,test/2_opened_panel cover/2_te5.mp4,Zone-1,Safe Walkway Violation,Section 3.3.2,Person detected outside the green-marked Designated Safe Walkway at t=1.2s.,MEDIUM,Logged to DB
e39d42f4-b523-43d1-9aa7-8069bb69c92a,2026-06-20T03:23:25Z,test/2_opened_panel cover/2_te5.mp4,Zone-1,Safe Walkway Violation,Section 3.3.2,Person detected outside the green-marked Designated Safe Walkway at t=3.6s.,MEDIUM,Logged to DB
21a273a1-46a1-44ab-932a-96a916c30474,2026-06-20T03:23:40Z,test/2_opened_panel cover/2_te9.mp4,Zone-1,Safe Walkway Violation,Section 3.3.2,Person detected outside the green-marked Designated Safe Walkway at t=4.8s.,MEDIUM,Logged to DB
809ed57b-78a3-42b5-86e5-4eda40136a25,2026-06-20T03:24:53Z,test/4_safe_walkway/4_te11.mp4,Zone-3,Safe Walkway Violation,Section 3.3.2,Person detected outside the green-marked Designated Safe Walkway at t=0.0s.,MEDIUM,Logged to DB
46093d30-cb7e-4b9f-8e6d-646a775b37de,2026-06-20T03:24:55Z,test/4_safe_walkway/4_te11.mp4,Zone-3,Safe Walkway Violation,Section 3.3.2,Person detected outside the green-marked Designated Safe Walkway at t=1.2s.,MEDIUM,Logged to DB
bbb21a9b-e9c7-4583-95f6-a99aba984012,2026-06-20T03:25:02Z,test/4_safe_walkway/4_te12.mp4,Zone-2,Safe Walkway Violation,Section 3.3.2,Person detected outside the green-marked Designated Safe Walkway at t=0.0s.,MEDIUM,Logged to DB
7af6b73f-be7a-4e55-b636-b9678dd5f67a,2026-06-20T03:25:02Z,test/4_safe_walkway/4_te12.mp4,Zone-3,Safe Walkway Violation,Section 3.3.2,Person detected outside the green-marked Designated Safe Walkway at t=0.0s.,MEDIUM,Logged to DB
ba5a8af2-55f1-4d88-9534-db7d7f19c1e2,2026-06-20T03:25:03Z,test/4_safe_walkway/4_te12.mp4,Zone-3,Safe Walkway Violation,Section 3.3.2,Person detected outside the green-marked Designated Safe Walkway at t=1.2s.,MEDIUM,Logged to DB
f088ec5e-3804-468f-8044-00e92606f621,2026-06-20T03:25:03Z,test/4_safe_walkway/4_te12.mp4,Zone-3,Safe Walkway Violation,Section 3.3.2,Person detected outside the green-marked Designated Safe Walkway at t=1.2s.,MEDIUM,Logged to DB
532f6a63-0df9-417b-ad9a-85851e73308e,2026-06-20T03:25:04Z,test/4_safe_walkway/4_te12.mp4,Zone-3,Safe Walkway Violation,Section 3.3.2,Person detected outside the green-marked Designated Safe Walkway at t=2.4s.,MEDIUM,Logged to DB
e4582cf0-a300-49c1-b9f2-3ec99aaad4d0,2026-06-20T03:25:04Z,test/4_safe_walkway/4_te12.mp4,Zone-3,Safe Walkway Violation,Section 3.3.2,Person detected outside the green-marked Designated Safe Walkway at t=2.4s.,MEDIUM,Logged to DB
1310bdb7-5562-4dc9-8c57-e240dd0a931c,2026-06-20T03:25:04Z,test/4_safe_walkway/4_te12.mp4,Zone-3,Safe Walkway Violation,Section 3.3.2,Person detected outside the green-marked Designated Safe Walkway at t=3.6s.,MEDIUM,Logged to DB
37f86767-d443-4a0c-9f9c-e8d2d41392a9,2026-06-20T03:25:04Z,test/4_safe_walkway/4_te12.mp4,Zone-3,Safe Walkway Violation,Section 3.3.2,Person detected outside the green-marked Designated Safe Walkway at t=3.6s.,MEDIUM,Logged to DB
441c5e1b-4a7b-49ea-a96f-68f14db448fa,2026-06-20T03:25:04Z,test/4_safe_walkway/4_te12.mp4,Zone-3,Safe Walkway Violation,Section 3.3.2,Person detected outside the green-marked Designated Safe Walkway at t=3.6s.,MEDIUM,Logged to DB
158cf3f8-692c-4565-a629-cbc9e13ed9f9,2026-06-20T03:25:05Z,test/4_safe_walkway/4_te12.mp4,Zone-3,Safe Walkway Violation,Section 3.3.2,Person detected outside the green-marked Designated Safe Walkway at t=4.8s.,MEDIUM,Logged to DB
faa148b0-637d-4d39-a3fb-068b17d5c6a4,2026-06-20T03:25:05Z,test/4_safe_walkway/4_te12.mp4,Zone-3,Safe Walkway Violation,Section 3.3.2,Person detected outside the green-marked Designated Safe Walkway at t=4.8s.,MEDIUM,Logged to DB
e5588f4b-d1b9-432a-b499-c25d62d70882,2026-06-20T03:25:07Z,test/4_safe_walkway/4_te13.mp4,Zone-2,Safe Walkway Violation,Section 3.3.2,Person detected outside the green-marked Designated Safe Walkway at t=0.0s.,MEDIUM,Logged to DB
3065b2e8-4863-48a3-8e3d-f50023e2eb8e,2026-06-20T03:25:07Z,test/4_safe_walkway/4_te13.mp4,Zone-2,Safe Walkway Violation,Section 3.3.2,Person detected outside the green-marked Designated Safe Walkway at t=1.2s.,MEDIUM,Logged to DB
9b1827aa-4be8-4fec-a84c-aba0ab679115,2026-06-20T03:25:08Z,test/4_safe_walkway/4_te13.mp4,Zone-2,Safe Walkway Violation,Section 3.3.2,Person detected outside the green-marked Designated Safe Walkway at t=2.4s.,MEDIUM,Logged to DB
c6eb6c9a-4940-429c-a5ef-c6d6fd87c1ba,2026-06-20T03:25:09Z,test/4_safe_walkway/4_te13.mp4,Zone-2,Safe Walkway Violation,Section 3.3.2,Person detected outside the green-marked Designated Safe Walkway at t=3.6s.,MEDIUM,Logged to DB
110f7410-0db5-474f-9847-884f6935ec0d,2026-06-20T03:25:10Z,test/4_safe_walkway/4_te13.mp4,Zone-2,Safe Walkway Violation,Section 3.3.2,Person detected outside the green-marked Designated Safe Walkway at t=4.8s.,MEDIUM,Logged to DB
83e8874d-4152-40f9-b262-5ab5bcd6d929,2026-06-20T03:25:10Z,test/4_safe_walkway/4_te13.mp4,Zone-2,Safe Walkway Violation,Section 3.3.2,Person detected outside the green-marked Designated Safe Walkway at t=6.0s.,MEDIUM,Logged to DB
55419235-ff66-4dce-a1a5-b30533608de9,2026-06-20T03:25:11Z,test/4_safe_walkway/4_te13.mp4,Zone-2,Safe Walkway Violation,Section 3.3.2,Person detected outside the green-marked Designated Safe Walkway at t=7.2s.,MEDIUM,Logged to DB
80c62a55-3c72-4597-b3a8-2f114a6e7686,2026-06-20T03:25:12Z,test/4_safe_walkway/4_te13.mp4,Zone-2,Safe Walkway Violation,Section 3.3.2,Person detected outside the green-marked Designated Safe Walkway at t=8.5s.,MEDIUM,Logged to DB
12432ec8-7655-4287-8e24-915965524555,2026-06-20T03:25:13Z,test/4_safe_walkway/4_te14.mp4,Zone-2,Safe Walkway Violation,Section 3.3.2,Person detected outside the green-marked Designated Safe Walkway at t=0.0s.,MEDIUM,Logged to DB
4ce8ea0c-b29d-46ca-99ae-179e537ecdde,2026-06-20T03:25:13Z,test/4_safe_walkway/4_te14.mp4,Zone-2,Safe Walkway Violation,Section 3.3.2,Person detected outside the green-marked Designated Safe Walkway at t=1.2s.,MEDIUM,Logged to DB
6a03f448-9593-4b6e-aad6-6ad2526fddcc,2026-06-20T03:25:14Z,test/4_safe_walkway/4_te14.mp4,Zone-2,Safe Walkway Violation,Section 3.3.2,Person detected outside the green-marked Designated Safe Walkway at t=2.4s.,MEDIUM,Logged to DB
74b711a1-0fd9-4d7b-a43e-a163459699b8,2026-06-20T03:25:15Z,test/4_safe_walkway/4_te14.mp4,Zone-2,Safe Walkway Violation,Section 3.3.2,Person detected outside the green-marked Designated Safe Walkway at t=3.6s.,MEDIUM,Logged to DB
95263a49-95e2-4bc5-9f65-84a0b5f5c026,2026-06-20T03:25:15Z,test/4_safe_walkway/4_te14.mp4,Zone-2,Safe Walkway Violation,Section 3.3.2,Person detected outside the green-marked Designated Safe Walkway at t=4.8s.,MEDIUM,Logged to DB
5e12e815-a1dc-4311-a677-06e5a8a4b109,2026-06-20T03:25:21Z,test/4_safe_walkway/4_te15.mp4,Zone-3,Safe Walkway Violation,Section 3.3.2,Person detected outside the green-marked Designated Safe Walkway at t=7.2s.,MEDIUM,Logged to DB
